Country,IOC,FIFA,ISO3,ISO
Afghanistan,AFG,AFG,AFG,AF
Åland Islands,,,ALA,AX
Albania,ALB,ALB,ALB,AL
Algeria,ALG,ALG,DZA,DZ
American Samoa[1],ASA,ASA,ASM,AS
Andorra,AND,AND,AND,AD
Angola,ANG,ANG,AGO,AO
Anguilla,,AIA,AIA,AI
Antarctica,,,ATA,AQ
Antigua and Barbuda,ANT,ATG,ATG,AG
Argentina,ARG,ARG,ARG,AR
Armenia,ARM,ARM,ARM,AM
Aruba,ARU,ARU,ABW,AW
Australia,AUS,AUS,AUS,AU
Austria,AUT,AUT,AUT,AT
Azerbaijan,AZE,AZE,AZE,AZ
The Bahamas,BAH,BAH,BHS,BS
Bahrain,BRN,BHR,BHR,BH
Bangladesh,BAN,BAN,BGD,BD
Barbados,BAR,BRB,BRB,BB
Belarus,BLR,BLR,BLR,BY
Belgium,BEL,BEL,BEL,BE
Belize,BIZ,BLZ,BLZ,BZ
Benin,BEN,BEN,BEN,BJ
Bermuda,BER,BER,BMU,BM
Bhutan,BHU,BHU,BTN,BT
Bolivia,BOL,BOL,BOL,BO
Caribbean Netherlands,AHO,,BES,BQ
Bosnia and Herzegovina,BIH,BIH,BIH,BA
Botswana,BOT,BOT,BWA,BW
Bouvet Island,,,BVT,BV
Brazil,BRA,BRA,BRA,BR
British Indian Ocean Territory,,,IOT,IO
British Virgin Islands[2],IVB,VGB,VGB,VG
Brunei,BRU,BRU,BRN,BN
Bulgaria,BUL,BUL,BGR,BG
Burkina Faso,BUR,BFA,BFA,BF
Burundi,BDI,BDI,BDI,BI
Cambodia,CAM,CAM,KHM,KH
Cameroon,CMR,CMR,CMR,CM
Canada,CAN,CAN,CAN,CA
Cape Verde,CPV,CPV,CPV,CV
Cayman Islands,CAY,CAY,CYM,KY
Central African Republic,CAF,CTA,CAF,CF
Chad,CHA,CHA,TCD,TD
Chile,CHI,CHI,CHL,CL
"China, People's Republic of[3]",CHN,CHN,CHN,CN
Christmas Island,,,CXR,CX
Cocos (Keeling) Islands,,,CCK,CC
Colombia,COL,COL,COL,CO
Comoros,COM,COM,COM,KM
"Congo, Democratic Republic of the[4]",COD,COD,COD,CD
"Congo, Republic of[5]",CGO,CGO,COG,CG
Cook Islands,COK,COK,COK,CK
Costa Rica,CRC,CRC,CRI,CR
Côte d'Ivoire,CIV,CIV,CIV,CI
Croatia,CRO,CRO,HRV,HR
Cuba,CUB,CUB,CUB,CU
Curaçao,,,CUW,CW
Cyprus,CYP,CYP,CYP,CY
Czech Republic,CZE,CZE,CZE,CZ
Denmark,DEN,DEN,DNK,DK
Djibouti,DJI,DJI,DJI,DJ
Dominica[6],DMA,DMA,DMA,DM
Dominican Republic,DOM,DOM,DOM,DO
Ecuador,ECU,ECU,ECU,EC
Egypt,EGY,EGY,EGY,EG
El Salvador,ESA,SLV,SLV,SV
England,,ENG,[7],#N/A
Equatorial Guinea,GEQ,EQG,GNQ,GQ
Eritrea,ERI,ERI,ERI,ER
Estonia,EST,EST,EST,EE
Ethiopia,ETH,ETH,ETH,ET
Falkland Islands,,,FLK,FK
Faroe Islands,,FRO,FRO,FO
Fiji,FIJ,FIJ,FJI,FJ
Finland,FIN,FIN,FIN,FI
France,FRA,FRA,FRA,FR
French Guiana,,,GUF,GF
French Polynesia[8],,TAH,PYF,PF
French Southern and Antarctic Lands,,,ATF,TF
Gabon,GAB,GAB,GAB,GA
The Gambia,GAM,GAM,GMB,GM
Georgia,GEO,GEO,GEO,GE
Germany,GER,GER,DEU,DE
Ghana,GHA,GHA,GHA,GH
Gibraltar,,GIB,GIB,GI
Greece,GRE,GRE,GRC,GR
Greenland,,,HAL,#N/A
Grenada,GRN,GRN,GRD,GD
Guadeloupe,,,GLP,GP
Guam,GUM,GUM,GUM,GU
Guatemala,GUA,GUA,GTM,GT
Guernsey,,,GGY,GG
Guinea,GUI,GUI,GIN,GN
Guinea-Bissau,GBS,GNB,GNB,GW
Guyana,GUY,GUY,GUY,GY
Haiti,HAI,HAI,HTI,HT
Heard Island and McDonald Islands,,,HMD,HM
Honduras,HON,HON,HND,HN
Hong Kong[9],HKG,HKG,HKG,HK
Hungary,HUN,HUN,HUN,HU
Iceland,ISL,ISL,ISL,IS
India,IND,IND,IND,IN
Indonesia,INA,IDN,IDN,ID
Iran,IRI,IRN,IRN,IR
Iraq,IRQ,IRQ,IRQ,IQ
Ireland[10],IRL,IRL,IRL,IE
Isle of Man,,,IMN,IM
Israel,ISR,ISR,ISR,IL
Italy,ITA,ITA,ITA,IT
Jamaica,JAM,JAM,JAM,JM
Japan,JPN,JPN,JPN,JP
Jersey,,,JEY,JE
Jordan,JOR,JOR,JOR,JO
Kazakhstan,KAZ,KAZ,KAZ,KZ
Kenya,KEN,KEN,KEN,KE
Kiribati,KIR,,KIR,KI
"Korea, Democratic People's Rep. (North)[11]",PRK,PRK,PRK,KP
"Korea, Republic of (South)[12]",KOR,KOR,KOR,KR
Kuwait,KUW,KUW,KWT,KW
Kyrgyzstan,KGZ,KGZ,KGZ,KG
Laos,LAO,LAO,LAO,LA
Latvia,LAT,LVA,LVA,LV
Lebanon,LBN,LBN,LBN,LB
Lesotho,LES,LES,LSO,LS
Liberia,LBR,LBR,LBR,LR
Libya,LBA,LBY,LBY,LY
Liechtenstein,LIE,LIE,LIE,LI
Lithuania,LTU,LTU,LTU,LT
Luxembourg,LUX,LUX,LUX,LU
Macau,,MAC,MAC,MO
North Macedonia[13],MKD,MKD,MKD,MK
Madagascar,MAD,MAD,MDG,MG
Malawi,MAW,MWI,MWI,MW
Malaysia,MAS,MAS,MYS,MY
Maldives,MDV,MDV,MDV,MV
Mali,MLI,MLI,MLI,ML
Malta,MLT,MLT,MLT,MT
Marshall Islands,MHL,,MHL,MH
Martinique,,,MTQ,MQ
Mauritania,MTN,MTN,MRT,MR
Mauritius,MRI,MRI,MUS,MU
Mayotte,,,MYT,YT
Mexico,MEX,MEX,MEX,MX
"Micronesia, Federated States of",FSM,,FSM,FM
Moldova,MDA,MDA,MDA,MD
Monaco,MON,,MCO,MC
Mongolia,MGL,MNG,MNG,MN
Montenegro,MNE,MNE,MNE,ME
Montserrat,,MSR,MSR,MS
Morocco,MAR,MAR,MAR,MA
Mozambique,MOZ,MOZ,MOZ,MZ
Myanmar,MYA,MYA,MMR,MM
Namibia,NAM,NAM,NAM,NA
Nauru,NRU,,NRU,NR
Nepal,NEP,NEP,NPL,NP
Netherlands,NED,NED,NLD,NL
New Caledonia,,NCL,NCL,NC
New Zealand,NZL,NZL,NZL,NZ
Nicaragua,NCA,NCA,NIC,NI
Niger,NIG,NIG,NER,NE
Nigeria,NGR,NGA,NGA,NG
Niue,,,NIU,NU
Norfolk Island,,,NFK,NF
Northern Ireland,,NIR,[14],#N/A
Northern Mariana Islands,,,MNP,MP
Norway,NOR,NOR,NOR,NO
Oman,OMA,OMA,OMN,OM
Pakistan,PAK,PAK,PAK,PK
Palau,PLW,,PLW,PW
Palestinian Authority,PLE,PLE,PSE,PS
Panama,PAN,PAN,PAN,PA
Papua New Guinea,PNG,PNG,PNG,PG
Paraguay,PAR,PAR,PRY,PY
Peru,PER,PER,PER,PE
Philippines,PHI,PHI,PHL,PH
Pitcairn Islands,,,PCN,PN
Poland,POL,POL,POL,PL
Portugal,POR,POR,PRT,PT
Puerto Rico,PUR,PUR,PRI,PR
Qatar,QAT,QAT,QAT,QA
Réunion,,,REU,RE
Romania,ROU,ROU,ROU,RO
Russia,RUS,RUS,RUS,RU
Rwanda,RWA,RWA,RWA,RW
Saint Barthélemy,,,BLM,BL
Saint Helena,,,SHN,SH
Saint Kitts and Nevis,SKN,SKN,KNA,KN
Saint Lucia,LCA,LCA,LCA,LC
Saint Martin (French part),,,MAF,MF
Saint Pierre and Miquelon,,,SPM,PM
Saint Vincent and the Grenadines,VIN,VIN,VCT,VC
Samoa[1],SAM,SAM,WSM,WS
San Marino,SMR,SMR,SMR,SM
São Tomé and Príncipe,STP,STP,STP,ST
Saudi Arabia,KSA,KSA,SAU,SA
Scotland,,SCO,[15],#N/A
Senegal,SEN,SEN,SEN,SN
Serbia,SRB,SRB,SRB,RS
Seychelles,SEY,SEY,SYC,SC
Sierra Leone,SLE,SLE,SLE,SL
Singapore,SGP,SGP,SGP,SG
Sint Maarten (Dutch part),,,SXM,SX
Slovakia,SVK,SVK,SVK,SK
Slovenia,SLO,SVN,SVN,SI
Solomon Islands,SOL,SOL,SLB,SB
Somalia,SOM,SOM,SOM,SO
South Africa,RSA,RSA,ZAF,ZA
South Georgia and the South Sandwich Islands,,,SGS,GS
Spain,ESP,ESP,ESP,ES
Sri Lanka,SRI,SRI,LKA,LK
Sudan,SUD,SDN,SDN,SD
Suriname,SUR,SUR,SUR,SR
Svalbard and Jan Mayen,,,SJM,SJ
Eswatini,SWZ,SWZ,SWZ,SZ
Sweden,SWE,SWE,SWE,SE
Switzerland,SUI,SUI,CHE,CH
Syria,SYR,SYR,SYR,SY
Republic of China (Taiwan)[16],TPE,TPE,TWN,TW
Tajikistan,TJK,TJK,TJK,TJ
Tanzania,TAN,TAN,TZA,TZ
Thailand,THA,THA,THA,TH
Timor-Leste[17],TLS,TLS,TLS,TL
Togo,TOG,TOG,TGO,TG
Tokelau,,,TKL,TK
Tonga,TGA,TGA,TON,TO
Trinidad and Tobago,TTO,TRI,TTO,TT
Tunisia,TUN,TUN,TUN,TN
Turkey,TUR,TUR,TUR,TR
Turkmenistan,TKM,TKM,TKM,TM
Turks and Caicos Islands,,TCA,TCA,TC
Tuvalu,TUV,,TUV,TV
Uganda,UGA,UGA,UGA,UG
Ukraine,UKR,UKR,UKR,UA
United Arab Emirates,UAE,UAE,ARE,AE
United Kingdom[18],GBR,,GBR,GB
United States,USA,USA,USA,US
United States Minor Outlying Islands,,,UMI,UM
United States Virgin Islands[19],ISV,VIR,VIR,VI
Uruguay,URU,URU,URY,UY
Uzbekistan,UZB,UZB,UZB,UZ
Vanuatu,VAN,VAN,VUT,VU
Vatican City State,,,VAT,VA
Venezuela,VEN,VEN,VEN,VE
Vietnam,VIE,VIE,VNM,VN
Wales,,WAL,[20],#N/A
Wallis and Futuna,,,WLF,WF
Western Sahara,,,ESH,EH
Yemen,YEM,YEM,YEM,YE
Zambia,ZAM,ZAM,ZMB,ZM
Zimbabwe,ZIM,ZIM,ZWE,ZW
,,,,
,,,,
,,,,
,,,,
Country,IOC,FIFA,ISO,
British Honduras,HBR1972,BHO,,
Burma,BIR1988,BUR1989,BUR1989,
Ceylon,CEY1972,CEY1972,,
Dahomey,DAH1972,DAH1975,DHY1977,
Czechoslovakia,TCH1992,TCH1993,CSK1993,
East Germany,GDR1988,DDR1989,DDR1989,
Khmer Republic,KHM1976,?1975,,
Malaya,MAL1960,?1963,,
Netherlands Antilles,AHOactive[21],ANTactive[22],ANT2010,
North Borneo,NBO1956,NBO1963,,
North Yemen,YAR1988,NYE1990,YEM1990,
Northern Rhodesia,NRH1964,NRH1964,,
Rhodesia,RHO1972,RHO1980,RHO1980,
Serbia and Montenegro,SCG2006,SCG2006,SCG2006,
South Yemen,YMD1988,SYE1990,YMD1990,
Soviet Union,URS1988,URS1991,SUN1992,
Upper Volta,VOL1984,UPV1984,HVO1984,
"Viet-Nam, Democratic Republic of",,VNO1975,VDR1977,
"Viet Nam, Republic of",VNM1976,VSO1975,VNM1977,
West Germany,FRG1988,FRG1989,DEU1989,
"Yugoslavia, Federal Republic of",YUG2002,YUG2003,YUG2003,
"Yugoslavia, Socialist Federal Republic of",YUG1992,YUG1992,YUG1992,
Zaire,ZAI1996,ZAI1997,ZAR1997,